query,source,root,length_words
why is my cat sneezing,autocomplete,why is my cat,5
why is my cat throwing up,autocomplete,why is my cat,6
why is my cat drooling,autocomplete,why is my cat,5
why is my cat meowing so much,autocomplete,why is my cat,7
why is my cat sneezing so much,autocomplete,why is my cat,7
why is my cat coughing,autocomplete,why is my cat,5
why is my cat so clingy,autocomplete,why is my cat,6
why is my cat shedding so much,autocomplete,why is my cat,7
why is my cat peeing on my bed,autocomplete,why is my cat,8
why is my cat licking me,autocomplete,why is my cat,6
why is my cat sneezing all of a sudden,autocomplete,why is my cat,9
why is my cat sneezing blood,autocomplete,why is my cat,6
why is my cat sneezing so much suddenly,autocomplete,why is my cat,8
why is my cat sneezing all the time,autocomplete,why is my cat,8
why is my cat sneezing and coughing,autocomplete,why is my cat,7
why is my cat sneezing and eyes watering,autocomplete,why is my cat,8
why is my cat sneezing and wheezing,autocomplete,why is my cat,7
why is my cat sneezing and has a runny nose,autocomplete,why is my cat,10
why is my cat throwing up white foam,autocomplete,why is my cat,8
why is my cat throwing up food,autocomplete,why is my cat,7
why is my cat throwing up clear liquid,autocomplete,why is my cat,8
why is my cat throwing up so much,autocomplete,why is my cat,8
why is my cat throwing up after eating,autocomplete,why is my cat,8
why is my cat throwing up undigested food,autocomplete,why is my cat,8
why is my cat throwing up blood,autocomplete,why is my cat,7
why is my cat throwing up yellow liquid,autocomplete,why is my cat,8
why is my cat throwing up bile,autocomplete,why is my cat,7
why is my cat drooling so much,autocomplete,why is my cat,7
why is my cat drooling when i pet him,autocomplete,why is my cat,9
why is my cat drooling all of a sudden,autocomplete,why is my cat,9
why is my cat drooling while purring,autocomplete,why is my cat,7
why is my cat drooling while sleeping,autocomplete,why is my cat,7
why is my cat drooling when i pet her,autocomplete,why is my cat,9
why is my cat drooling excessively,autocomplete,why is my cat,6
why is my cat drooling thick saliva,autocomplete,why is my cat,7
why is my cat drooling on me,autocomplete,why is my cat,7
why is my cat meowing so much all of a sudden,autocomplete,why is my cat,11
why is my cat meowing so much all of a sudden at night,autocomplete,why is my cat,13
why is my cat meowing so much at night,autocomplete,why is my cat,9
why is my cat meowing so much in the morning,autocomplete,why is my cat,10
why is my cat meowing so much after moving,autocomplete,why is my cat,9
why is my cat meowing so much after being spayed,autocomplete,why is my cat,10
why is my cat meowing so much after giving birth,autocomplete,why is my cat,10
why is my cat meowing so much out of nowhere,autocomplete,why is my cat,10
why is my cat meowing so much in heat,autocomplete,why is my cat,9
why is my cat sneezing so much all of a sudden reddit,autocomplete,why is my cat,12
why is my cat sneezing so much today,autocomplete,why is my cat,8
why is my cat sneezing so much lately,autocomplete,why is my cat,8
why is my cat sneezing so much and has watery eyes,autocomplete,why is my cat,11
why is my cat sneezing so much but seems fine,autocomplete,why is my cat,10
why is my cat sneezing so much and has a runny nose,autocomplete,why is my cat,12
why is my cat sneezing so much in a row,autocomplete,why is my cat,10
why is my cat sneezing so much reddit,autocomplete,why is my cat,8
why is my cat coughing so much,autocomplete,why is my cat,7
why is my cat coughing and sneezing,autocomplete,why is my cat,7
why is my cat coughing and wheezing,autocomplete,why is my cat,7
why is my cat coughing a lot,autocomplete,why is my cat,7
why is my cat coughing and gagging,autocomplete,why is my cat,7
why is my cat coughing all of a sudden,autocomplete,why is my cat,9
why is my cat coughing after drinking water,autocomplete,why is my cat,8
why is my dog shaking,autocomplete,why is my dog,5
why is my dog eating grass,autocomplete,why is my dog,6
why is my dog panting so much,autocomplete,why is my dog,7
why is my dog eating poop,autocomplete,why is my dog,6
why is my dog pooping blood,autocomplete,why is my dog,6
why is my dog licking his paws,autocomplete,why is my dog,7
why is my dogs nose dry,autocomplete,why is my dog,6
why is my dog throwing up,autocomplete,why is my dog,6
why is my dog coughing,autocomplete,why is my dog,5
why is my dog panting,autocomplete,why is my dog,5
why is my dog shaking so much,autocomplete,why is my dog,7
why is my dog shaking and panting,autocomplete,why is my dog,7
why is my dog shaking his head,autocomplete,why is my dog,7
why is my dog shaking in his sleep,autocomplete,why is my dog,8
why is my dog shaking and throwing up,autocomplete,why is my dog,8
why is my dog shaking when he breathes in,autocomplete,why is my dog,9
why is my dog shaking while sleeping,autocomplete,why is my dog,7
why is my dog shaking for no reason,autocomplete,why is my dog,8
why is my dog shaking uncontrollably,autocomplete,why is my dog,6
why is my dog eating grass and throwing up,autocomplete,why is my dog,9
why is my dog eating grass all of a sudden,autocomplete,why is my dog,10
why is my dog eating grass and then throwing up,autocomplete,why is my dog,10
why is my dog eating grass like crazy,autocomplete,why is my dog,8
why is my dog eating grass all the time,autocomplete,why is my dog,9
why is my dog eating grass after throwing up,autocomplete,why is my dog,9
why is my dog eating grass and dirt,autocomplete,why is my dog,8
why is my dog eating grass and weeds,autocomplete,why is my dog,8
why is my dog eating grass every day,autocomplete,why is my dog,8
why is my dog panting so much at night,autocomplete,why is my dog,9
why is my dog panting so much for no reason,autocomplete,why is my dog,10
why is my dog panting so much in the car,autocomplete,why is my dog,10
why is my dog panting so much all of a sudden,autocomplete,why is my dog,11
why is my dog panting so much and shaking,autocomplete,why is my dog,9
why is my dog panting so much while resting,autocomplete,why is my dog,9
why is my dog panting so much after birth,autocomplete,why is my dog,9
why is my dog panting so much after a walk,autocomplete,why is my dog,10
why is my dog panting so much after surgery,autocomplete,why is my dog,9
why is my dog eating poop and throwing up,autocomplete,why is my dog,9
why is my dog eating poop diapers,autocomplete,why is my dog,7
why is my dog eating poop on walks,autocomplete,why is my dog,8
why is my dog eating poop and how to stop it,autocomplete,why is my dog,11
why is my dog eating poop in the yard,autocomplete,why is my dog,9
why is my dog eating poop out of the litter box,autocomplete,why is my dog,11
why is my dog eating poop in the winter,autocomplete,why is my dog,9
why is my dog eating poop in the snow,autocomplete,why is my dog,9
why is my dog eating poop reddit,autocomplete,why is my dog,7
why is my dog pooping blood but acting normal,autocomplete,why is my dog,9
why is my dog pooping blood and diarrhea,autocomplete,why is my dog,8
why is my dog pooping blood and throwing up,autocomplete,why is my dog,9
why is my dog pooping blood and vomiting,autocomplete,why is my dog,8
why is my dog pooping bloody mucus,autocomplete,why is my dog,7
why is my dog pooping blood and throwing up and not eating,autocomplete,why is my dog,12
why is my dog pooping blood clots,autocomplete,why is my dog,7
why is my dog pooping bloody diarrhea,autocomplete,why is my dog,7
why is my dog pooping blood and mucus,autocomplete,why is my dog,8
why is my dog licking his paws so much,autocomplete,why is my dog,9
why is my dog licking his paws all the time,autocomplete,why is my dog,10
why is my dog licking his paws raw,autocomplete,why is my dog,8
why is my dog licking his paws excessively,autocomplete,why is my dog,8
why is my dog licking his paws a lot,autocomplete,why is my dog,9
is my pet sick,autocomplete,is my pet sick,4
is my dog sick,autocomplete,is my pet sick,4
is my dog sick or just tired,autocomplete,is my pet sick,7
is my dog sick quiz,autocomplete,is my pet sick,5
is my dog sick or dying,autocomplete,is my pet sick,6
is my dog sick or depressed,autocomplete,is my pet sick,6
is my dog sick or just old,autocomplete,is my pet sick,7
is my dog sick or tired,autocomplete,is my pet sick,6
is my dog sick or sad,autocomplete,is my pet sick,6
is my dog sick of me,autocomplete,is my pet sick,6
is my dog sick or anxious,autocomplete,is my pet sick,6
is my dog sick or just getting old,autocomplete,is my pet sick,8
how do i know my dog sick,autocomplete,is my pet sick,7
is my puppy sick or just tired,autocomplete,is my pet sick,7
is my dog sick or just sleepy,autocomplete,is my pet sick,7
is my puppy sick or just sleepy reddit,autocomplete,is my pet sick,8
is my dog ill or tired,autocomplete,is my pet sick,6
is my puppy sick or tired,autocomplete,is my pet sick,6
how do i know if my dog is sick or just tired,autocomplete,is my pet sick,12
how do i know if my dog is lethargic or just tired,autocomplete,is my pet sick,12
is my dog tired or lethargic,autocomplete,is my pet sick,6
is my dog sick test,autocomplete,is my pet sick,5
is my dog depressed or sick quiz,autocomplete,is my pet sick,7
is my dog dying or just sick quiz,autocomplete,is my pet sick,8
is my old dog sick or dying,autocomplete,is my pet sick,7
is my dog just sick or dying,autocomplete,is my pet sick,7
how to tell if my dog is sick or dying,autocomplete,is my pet sick,10
is my old dog dying or just sick,autocomplete,is my pet sick,8
how can i tell if my dog is dying or sick,autocomplete,is my pet sick,11
is my dog sick or depressed quiz,autocomplete,is my pet sick,7
how to tell if my dog is sick or depressed,autocomplete,is my pet sick,10
is my dog sick or old,autocomplete,is my pet sick,6
how do i know my dog is spoiled,autocomplete,is my pet sick,8
do dogs just vomit sometimes,autocomplete,is my pet sick,5
is my dog really tired or sick,autocomplete,is my pet sick,7
how to tell if my dog is sick or tired,autocomplete,is my pet sick,10
is my dog sick or just sad,autocomplete,is my pet sick,7
how to tell if my dog is sick or sad,autocomplete,is my pet sick,10
can dogs feel my sadness,autocomplete,is my pet sick,5
is my dog bored of me,autocomplete,is my pet sick,6
is my dog tired of me,autocomplete,is my pet sick,6
is my puppy bored of me,autocomplete,is my pet sick,6
what does dog sick look like,autocomplete,is my pet sick,6
weird animal behaviors,autocomplete,weird pet behavior,3
weird dog behavior,autocomplete,weird pet behavior,3
weird dog behaviors and what they mean,autocomplete,weird pet behavior,7
weird animal behavior facts,autocomplete,weird pet behavior,4
weird dog behaviors explained,autocomplete,weird pet behavior,4
exotic pet behavior,autocomplete,weird pet behavior,3
unusual pet behavior,autocomplete,weird pet behavior,3
weird dog behavior during pregnancy,autocomplete,weird pet behavior,5
weird animal behaviors list,autocomplete,weird pet behavior,4
weird dog behavior symptoms,autocomplete,weird pet behavior,4
interesting animal behaviors,autocomplete,weird pet behavior,3
funny animal behaviors,autocomplete,weird pet behavior,3
unusual animal behaviors,autocomplete,weird pet behavior,3
craziest animal behaviors,autocomplete,weird pet behavior,3
weird animal behavior yellowstone,autocomplete,weird pet behavior,4
weird animal mating behaviors,autocomplete,weird pet behavior,4
what are some animal behaviors,autocomplete,weird pet behavior,5
dog weird behavior at night,autocomplete,weird pet behavior,5
dog weird behavior after grooming,autocomplete,weird pet behavior,5
strange dog behavior before death,autocomplete,weird pet behavior,5
strange dog behavior,autocomplete,weird pet behavior,3
funny dog behaviors,autocomplete,weird pet behavior,3
interesting animal behavior facts,autocomplete,weird pet behavior,4
weird fact about an animal,autocomplete,weird pet behavior,5
weird fun facts about animals,autocomplete,weird pet behavior,5
weird animal pregnancy facts,autocomplete,weird pet behavior,4
9 weird dog behaviors explained,autocomplete,weird pet behavior,5
15 weird dog behaviors explained,autocomplete,weird pet behavior,5
9 weird dog behaviors explained at night,autocomplete,weird pet behavior,7
40 strange dog behaviors explained,autocomplete,weird pet behavior,5
strange dog behaviors explained,autocomplete,weird pet behavior,4
exotic animal behaviorist,autocomplete,weird pet behavior,3
exotic animal behavior,autocomplete,weird pet behavior,3
exotic animal behaviorist salary,autocomplete,weird pet behavior,4
exotic pet examples,autocomplete,weird pet behavior,3
exotic pet ideas,autocomplete,weird pet behavior,3
exotic pet laws,autocomplete,weird pet behavior,3
unusual animal behavior,autocomplete,weird pet behavior,3
unusual animal behavior before earthquakes,autocomplete,weird pet behavior,5
unusual dog behavior,autocomplete,weird pet behavior,3
unusual dog behavior symptoms,autocomplete,weird pet behavior,4
unusual animal behavior at yellowstone,autocomplete,weird pet behavior,5
unusual animal behavior and natural disasters,autocomplete,weird pet behavior,6
unusual animal behavior 2025,autocomplete,weird pet behavior,4
unusual animal behavior at yellowstone national park,autocomplete,weird pet behavior,7
is my dog acting weird because im pregnant,autocomplete,weird pet behavior,8
weird animal traits,autocomplete,weird pet behavior,3
why is my dog being weird,autocomplete,weird pet behavior,6
when to take pet to vet,autocomplete,when to take pet to vet,6
when to take dog to vet for diarrhea,autocomplete,when to take pet to vet,8
when to take dog to vet for vomiting,autocomplete,when to take pet to vet,8
when to take dog to vet,autocomplete,when to take pet to vet,6
when to take dog to vet for anal glands,autocomplete,when to take pet to vet,9
when to take dog to vet for limp,autocomplete,when to take pet to vet,8
when to take dog to vet for kennel cough,autocomplete,when to take pet to vet,9
when to take dog to vet for cough,autocomplete,when to take pet to vet,8
when to take dog to vet for ear infection,autocomplete,when to take pet to vet,9
when to take dog to vet for diarrhea and vomiting,autocomplete,when to take pet to vet,10
when to take dog to vet for diarrhea reddit,autocomplete,when to take pet to vet,9
when to bring dog to vet for diarrhea,autocomplete,when to take pet to vet,8
when to take puppy to vet for diarrhea,autocomplete,when to take pet to vet,8
when to take dog to emergency vet for diarrhea,autocomplete,when to take pet to vet,9
when to take dog to vet for bloody diarrhea,autocomplete,when to take pet to vet,9
when to take dog into vet for diarrhea,autocomplete,when to take pet to vet,8
when to take dog to vet after diarrhea,autocomplete,when to take pet to vet,8
when to take dog to vet over diarrhea,autocomplete,when to take pet to vet,8
when to take dog to vet for vomiting and diarrhea,autocomplete,when to take pet to vet,10
when to take dog to vet for vomiting reddit,autocomplete,when to take pet to vet,9
when to take dog to vet for vomiting bile,autocomplete,when to take pet to vet,9
when to take dog to vet for vomiting and not eating,autocomplete,when to take pet to vet,11
when to bring dog to vet for vomiting,autocomplete,when to take pet to vet,8
when to take puppy to vet for vomiting,autocomplete,when to take pet to vet,8
when to take dog to emergency vet for vomiting,autocomplete,when to take pet to vet,9
when to take dog to emergency vet for vomiting and diarrhea,autocomplete,when to take pet to vet,11
when to take dog to vet for throwing up,autocomplete,when to take pet to vet,9
when to take dog to vet for broken nail,autocomplete,when to take pet to vet,9
do dogs need their anal glands expressed,autocomplete,when to take pet to vet,7
when to take dog to vet for limp reddit,autocomplete,when to take pet to vet,9
when to take dog to vet for limping back leg,autocomplete,when to take pet to vet,10
when to take dog to vet for limp tail,autocomplete,when to take pet to vet,9
when to bring dog to vet for limping,autocomplete,when to take pet to vet,8
when to take puppy to vet for limping,autocomplete,when to take pet to vet,8
when to take my dog to vet for limping,autocomplete,when to take pet to vet,9
when to take dog to emergency vet for limping,autocomplete,when to take pet to vet,9
when to take dog to vet for slight limp,autocomplete,when to take pet to vet,9
when to take dog to vet after limping,autocomplete,when to take pet to vet,8
when to take puppy to vet for kennel cough,autocomplete,when to take pet to vet,9
when to take dog to emergency vet for kennel cough,autocomplete,when to take pet to vet,10
do i need to take dog to vet for kennel cough,autocomplete,when to take pet to vet,11
when to take dog to vet for coughing and gagging,autocomplete,when to take pet to vet,10
when to bring dog to vet for cough,autocomplete,when to take pet to vet,8
when to take dog to vet if coughing,autocomplete,when to take pet to vet,8
when to take dog to emergency vet for ear infection,autocomplete,when to take pet to vet,10
cost to take dog to vet for ear infection,autocomplete,when to take pet to vet,9
do i need to take dog to vet for ear infection,autocomplete,when to take pet to vet,11
should i take dog to vet for ear infection,autocomplete,when to take pet to vet,9
how to know when to take your dog to the vet for an ear infection,autocomplete,when to take pet to vet,15
when should i take my dog to the vet for diarrhea and vomiting,autocomplete,when to take pet to vet,13
what do vets give dogs for diarrhea and vomiting,autocomplete,when to take pet to vet,9
when should you take your dog to the vet if they have diarrhea,autocomplete,when to take pet to vet,13
what to do if your dog is having diarrhea and vomiting,autocomplete,when to take pet to vet,11
when should i take my dog to the vet vomiting,autocomplete,when to take pet to vet,10
why does my cat do this,reddit:r/cats,,6
how old does my cat look,reddit:r/cats,,6
is my cat too skinny,reddit:r/cats,,5
what do u think of this strong man,reddit:r/cats,,8
why my cat go crazy over my underwear,reddit:r/cats,,8
how is he laying,reddit:r/cats,,4
how would you react if you saw this? 🥺🥺🥺,reddit:r/cats,,9
when your cat start talking shit,reddit:r/cats,,6
is this a scab or something else,reddit:r/cats,,7
is my dog playing or is he being too aggressive? (video),reddit:r/dogs,,11
where do i find a pug,reddit:r/dogs,,6
when do you decide if an adopted dog isnt a good fit for you,reddit:r/dogs,,14
can i get a dog if i work a 9-5,reddit:r/dogs,,10
can a muzzle work,reddit:r/dogs,,4
who does your dog listen to more,reddit:r/dogs,,7
how do you mop floors in a pet home without spreading germs,reddit:r/dogs,,12
do dogs have types they find attractive,reddit:r/dogs,,7
how to get a large dog and baby in the same car,reddit:r/dogs,,12
what do you do when you get mad at your dogs,reddit:r/dogs,,11
what do i do with her stuff,reddit:r/dogs,,7
is there an off switch for a 7mo bc,reddit:r/dogs,,9
can a puppy adapt to sleeping in two homes during the week,reddit:r/dogs,,12
should i get worry,reddit:r/AskVet,,4
should the vet have given us pain meds,reddit:r/AskVet,,8
what to do about cats swollen leg,reddit:r/AskVet,,7
how to help rabbit lose weight,reddit:r/AskVet,,6
how worried should i be,reddit:r/AskVet,,5
would it be responsible to move my elderly cat,reddit:r/AskVet,,9
what can i do about my dogs nose,reddit:r/AskVet,,8
how dangerous is missing one dose of amlodipine? my cat has severe idiopathic hypertension,reddit:r/AskVet,,14
could starvation lead to an increase in bun,reddit:r/AskVet,,8
can flea/tick med be divided. . . ,reddit:r/AskVet,,7
what to do with fungal granuloma,reddit:r/AskVet,,6
does this look like cancer,reddit:r/AskVet,,5
are my cats claws too long or its something else ,reddit:r/AskVet,,10
what is this gauze called,reddit:r/AskVet,,5
is there something wrong with my cat,reddit:r/Pets,,7
what foods should i avoid/give to my cockatiel,reddit:r/Pets,,8
how henry the dachshund puppy survived three months lost in perths southern suburbs,reddit:r/Pets,,13
are jumping spiders good dorm pets,reddit:r/Pets,,6
can i give my cats canned tuna or chicken,reddit:r/Pets,,9
what pet should i get for this,reddit:r/Pets,,7
should i let my cat outside,reddit:r/Pets,,6
what should i put in here? pic in comments,reddit:r/Pets,,9
should i risk arrest to save dogs from suffering &amp; save my reputation,reddit:r/Pets,,13
would you sell your dog for $5m,reddit:r/Pets,,7
what are the best pet friendly rugs that i can easily toss in the machine,reddit:r/Pets,,15
do pets actually adjust their behavior based on their owners mood,reddit:r/Pets,,11
how do you deal with balancing two jobs and having a pet at home,reddit:r/Pets,,14
what should i name my 3 pet rats,reddit:r/Pets,,8
what gps tag should i buy my indoor cat? always trying to escape,reddit:r/Pets,,13
is this a legit site,reddit:r/Pets,,5
