query,source_count,source,root,length_words
craziest animal behaviors,1,autocomplete,weird pet behavior,3
exotic animal behavior,1,autocomplete,weird pet behavior,3
exotic animal behaviorist,1,autocomplete,weird pet behavior,3
exotic pet behavior,1,autocomplete,weird pet behavior,3
exotic pet examples,1,autocomplete,weird pet behavior,3
exotic pet ideas,1,autocomplete,weird pet behavior,3
exotic pet laws,1,autocomplete,weird pet behavior,3
funny animal behaviors,1,autocomplete,weird pet behavior,3
funny dog behaviors,1,autocomplete,weird pet behavior,3
interesting animal behaviors,1,autocomplete,weird pet behavior,3
strange dog behavior,1,autocomplete,weird pet behavior,3
unusual animal behavior,1,autocomplete,weird pet behavior,3
unusual animal behaviors,1,autocomplete,weird pet behavior,3
unusual dog behavior,1,autocomplete,weird pet behavior,3
unusual pet behavior,1,autocomplete,weird pet behavior,3
weird animal behaviors,1,autocomplete,weird pet behavior,3
weird animal traits,1,autocomplete,weird pet behavior,3
weird dog behavior,1,autocomplete,weird pet behavior,3
can a muzzle work,1,reddit:r/dogs,,4
exotic animal behaviorist salary,1,autocomplete,weird pet behavior,4
how is he laying,1,reddit:r/cats,,4
interesting animal behavior facts,1,autocomplete,weird pet behavior,4
is my dog sick,1,autocomplete,is my pet sick,4
is my pet sick,1,autocomplete,is my pet sick,4
should i get worry,1,reddit:r/AskVet,,4
strange dog behaviors explained,1,autocomplete,weird pet behavior,4
unusual animal behavior 2025,1,autocomplete,weird pet behavior,4
unusual dog behavior symptoms,1,autocomplete,weird pet behavior,4
weird animal behavior facts,1,autocomplete,weird pet behavior,4
weird animal behavior yellowstone,1,autocomplete,weird pet behavior,4
weird animal behaviors list,1,autocomplete,weird pet behavior,4
weird animal mating behaviors,1,autocomplete,weird pet behavior,4
weird animal pregnancy facts,1,autocomplete,weird pet behavior,4
weird dog behavior symptoms,1,autocomplete,weird pet behavior,4
weird dog behaviors explained,1,autocomplete,weird pet behavior,4
15 weird dog behaviors explained,1,autocomplete,weird pet behavior,5
40 strange dog behaviors explained,1,autocomplete,weird pet behavior,5
9 weird dog behaviors explained,1,autocomplete,weird pet behavior,5
can dogs feel my sadness,1,autocomplete,is my pet sick,5
do dogs just vomit sometimes,1,autocomplete,is my pet sick,5
does this look like cancer,1,reddit:r/AskVet,,5
dog weird behavior after grooming,1,autocomplete,weird pet behavior,5
dog weird behavior at night,1,autocomplete,weird pet behavior,5
how worried should i be,1,reddit:r/AskVet,,5
is my cat too skinny,1,reddit:r/cats,,5
is my dog sick quiz,1,autocomplete,is my pet sick,5
is my dog sick test,1,autocomplete,is my pet sick,5
is this a legit site,1,reddit:r/Pets,,5
strange dog behavior before death,1,autocomplete,weird pet behavior,5
unusual animal behavior at yellowstone,1,autocomplete,weird pet behavior,5
unusual animal behavior before earthquakes,1,autocomplete,weird pet behavior,5
weird dog behavior during pregnancy,1,autocomplete,weird pet behavior,5
weird fact about an animal,1,autocomplete,weird pet behavior,5
weird fun facts about animals,1,autocomplete,weird pet behavior,5
what are some animal behaviors,1,autocomplete,weird pet behavior,5
what is this gauze called,1,reddit:r/AskVet,,5
why is my cat coughing,1,autocomplete,why is my cat,5
why is my cat drooling,1,autocomplete,why is my cat,5
why is my cat sneezing,1,autocomplete,why is my cat,5
why is my dog coughing,1,autocomplete,why is my dog,5
why is my dog panting,1,autocomplete,why is my dog,5
why is my dog shaking,1,autocomplete,why is my dog,5
are jumping spiders good dorm pets,1,reddit:r/Pets,,6
how old does my cat look,1,reddit:r/cats,,6
how to help rabbit lose weight,1,reddit:r/AskVet,,6
is my dog bored of me,1,autocomplete,is my pet sick,6
is my dog ill or tired,1,autocomplete,is my pet sick,6
is my dog sick of me,1,autocomplete,is my pet sick,6
is my dog sick or anxious,1,autocomplete,is my pet sick,6
is my dog sick or depressed,1,autocomplete,is my pet sick,6
is my dog sick or dying,1,autocomplete,is my pet sick,6
is my dog sick or old,1,autocomplete,is my pet sick,6
is my dog sick or sad,1,autocomplete,is my pet sick,6
is my dog sick or tired,1,autocomplete,is my pet sick,6
is my dog tired of me,1,autocomplete,is my pet sick,6
is my dog tired or lethargic,1,autocomplete,is my pet sick,6
is my puppy bored of me,1,autocomplete,is my pet sick,6
is my puppy sick or tired,1,autocomplete,is my pet sick,6
should i let my cat outside,1,reddit:r/Pets,,6
unusual animal behavior and natural disasters,1,autocomplete,weird pet behavior,6
what does dog sick look like,1,autocomplete,is my pet sick,6
what to do with fungal granuloma,1,reddit:r/AskVet,,6
when to take dog to vet,1,autocomplete,when to take pet to vet,6
when to take pet to vet,1,autocomplete,when to take pet to vet,6
when your cat start talking shit,1,reddit:r/cats,,6
where do i find a pug,1,reddit:r/dogs,,6
why does my cat do this,1,reddit:r/cats,,6
why is my cat drooling excessively,1,autocomplete,why is my cat,6
why is my cat licking me,1,autocomplete,why is my cat,6
why is my cat sneezing blood,1,autocomplete,why is my cat,6
why is my cat so clingy,1,autocomplete,why is my cat,6
why is my cat throwing up,1,autocomplete,why is my cat,6
why is my dog being weird,1,autocomplete,weird pet behavior,6
why is my dog eating grass,1,autocomplete,why is my dog,6
why is my dog eating poop,1,autocomplete,why is my dog,6
why is my dog pooping blood,1,autocomplete,why is my dog,6
why is my dog shaking uncontrollably,1,autocomplete,why is my dog,6
why is my dog throwing up,1,autocomplete,why is my dog,6
why is my dogs nose dry,1,autocomplete,why is my dog,6
9 weird dog behaviors explained at night,1,autocomplete,weird pet behavior,7
can flea/tick med be divided. . . ,1,reddit:r/AskVet,,7
do dogs have types they find attractive,1,reddit:r/dogs,,7
do dogs need their anal glands expressed,1,autocomplete,when to take pet to vet,7
how do i know my dog sick,1,autocomplete,is my pet sick,7
is my dog depressed or sick quiz,1,autocomplete,is my pet sick,7
is my dog just sick or dying,1,autocomplete,is my pet sick,7
is my dog really tired or sick,1,autocomplete,is my pet sick,7
is my dog sick or depressed quiz,1,autocomplete,is my pet sick,7
is my dog sick or just old,1,autocomplete,is my pet sick,7
is my dog sick or just sad,1,autocomplete,is my pet sick,7
is my dog sick or just sleepy,1,autocomplete,is my pet sick,7
is my dog sick or just tired,1,autocomplete,is my pet sick,7
is my old dog sick or dying,1,autocomplete,is my pet sick,7
is my puppy sick or just tired,1,autocomplete,is my pet sick,7
is there something wrong with my cat,1,reddit:r/Pets,,7
is this a scab or something else,1,reddit:r/cats,,7
unusual animal behavior at yellowstone national park,1,autocomplete,weird pet behavior,7
weird dog behaviors and what they mean,1,autocomplete,weird pet behavior,7
what do i do with her stuff,1,reddit:r/dogs,,7
what pet should i get for this,1,reddit:r/Pets,,7
what to do about cats swollen leg,1,reddit:r/AskVet,,7
who does your dog listen to more,1,reddit:r/dogs,,7
why is my cat coughing a lot,1,autocomplete,why is my cat,7
why is my cat coughing and gagging,1,autocomplete,why is my cat,7
why is my cat coughing and sneezing,1,autocomplete,why is my cat,7
why is my cat coughing and wheezing,1,autocomplete,why is my cat,7
why is my cat coughing so much,1,autocomplete,why is my cat,7
why is my cat drooling on me,1,autocomplete,why is my cat,7
why is my cat drooling so much,1,autocomplete,why is my cat,7
why is my cat drooling thick saliva,1,autocomplete,why is my cat,7
why is my cat drooling while purring,1,autocomplete,why is my cat,7
why is my cat drooling while sleeping,1,autocomplete,why is my cat,7
why is my cat meowing so much,1,autocomplete,why is my cat,7
why is my cat shedding so much,1,autocomplete,why is my cat,7
why is my cat sneezing and coughing,1,autocomplete,why is my cat,7
why is my cat sneezing and wheezing,1,autocomplete,why is my cat,7
why is my cat sneezing so much,1,autocomplete,why is my cat,7
why is my cat throwing up bile,1,autocomplete,why is my cat,7
why is my cat throwing up blood,1,autocomplete,why is my cat,7
why is my cat throwing up food,1,autocomplete,why is my cat,7
why is my dog eating poop diapers,1,autocomplete,why is my dog,7
why is my dog eating poop reddit,1,autocomplete,why is my dog,7
why is my dog licking his paws,1,autocomplete,why is my dog,7
why is my dog panting so much,1,autocomplete,why is my dog,7
why is my dog pooping blood clots,1,autocomplete,why is my dog,7
why is my dog pooping bloody diarrhea,1,autocomplete,why is my dog,7
why is my dog pooping bloody mucus,1,autocomplete,why is my dog,7
why is my dog shaking and panting,1,autocomplete,why is my dog,7
why is my dog shaking his head,1,autocomplete,why is my dog,7
why is my dog shaking so much,1,autocomplete,why is my dog,7
why is my dog shaking while sleeping,1,autocomplete,why is my dog,7
would you sell your dog for $5m,1,reddit:r/Pets,,7
could starvation lead to an increase in bun,1,reddit:r/AskVet,,8
how do i know my dog is spoiled,1,autocomplete,is my pet sick,8
is my dog acting weird because im pregnant,1,autocomplete,weird pet behavior,8
is my dog dying or just sick quiz,1,autocomplete,is my pet sick,8
is my dog sick or just getting old,1,autocomplete,is my pet sick,8
is my old dog dying or just sick,1,autocomplete,is my pet sick,8
is my puppy sick or just sleepy reddit,1,autocomplete,is my pet sick,8
should the vet have given us pain meds,1,reddit:r/AskVet,,8
what can i do about my dogs nose,1,reddit:r/AskVet,,8
what do u think of this strong man,1,reddit:r/cats,,8
what foods should i avoid/give to my cockatiel,1,reddit:r/Pets,,8
what should i name my 3 pet rats,1,reddit:r/Pets,,8
when to bring dog to vet for cough,1,autocomplete,when to take pet to vet,8
when to bring dog to vet for diarrhea,1,autocomplete,when to take pet to vet,8
when to bring dog to vet for limping,1,autocomplete,when to take pet to vet,8
when to bring dog to vet for vomiting,1,autocomplete,when to take pet to vet,8
when to take dog into vet for diarrhea,1,autocomplete,when to take pet to vet,8
when to take dog to vet after diarrhea,1,autocomplete,when to take pet to vet,8
when to take dog to vet after limping,1,autocomplete,when to take pet to vet,8
when to take dog to vet for cough,1,autocomplete,when to take pet to vet,8
when to take dog to vet for diarrhea,1,autocomplete,when to take pet to vet,8
when to take dog to vet for limp,1,autocomplete,when to take pet to vet,8
when to take dog to vet for vomiting,1,autocomplete,when to take pet to vet,8
when to take dog to vet if coughing,1,autocomplete,when to take pet to vet,8
when to take dog to vet over diarrhea,1,autocomplete,when to take pet to vet,8
when to take puppy to vet for diarrhea,1,autocomplete,when to take pet to vet,8
when to take puppy to vet for limping,1,autocomplete,when to take pet to vet,8
when to take puppy to vet for vomiting,1,autocomplete,when to take pet to vet,8
why is my cat coughing after drinking water,1,autocomplete,why is my cat,8
why is my cat peeing on my bed,1,autocomplete,why is my cat,8
why is my cat sneezing all the time,1,autocomplete,why is my cat,8
why is my cat sneezing and eyes watering,1,autocomplete,why is my cat,8
why is my cat sneezing so much lately,1,autocomplete,why is my cat,8
why is my cat sneezing so much reddit,1,autocomplete,why is my cat,8
why is my cat sneezing so much suddenly,1,autocomplete,why is my cat,8
why is my cat sneezing so much today,1,autocomplete,why is my cat,8
why is my cat throwing up after eating,1,autocomplete,why is my cat,8
why is my cat throwing up clear liquid,1,autocomplete,why is my cat,8
why is my cat throwing up so much,1,autocomplete,why is my cat,8
why is my cat throwing up undigested food,1,autocomplete,why is my cat,8
why is my cat throwing up white foam,1,autocomplete,why is my cat,8
why is my cat throwing up yellow liquid,1,autocomplete,why is my cat,8
why is my dog eating grass and dirt,1,autocomplete,why is my dog,8
why is my dog eating grass and weeds,1,autocomplete,why is my dog,8
why is my dog eating grass every day,1,autocomplete,why is my dog,8
why is my dog eating grass like crazy,1,autocomplete,why is my dog,8
why is my dog eating poop on walks,1,autocomplete,why is my dog,8
why is my dog licking his paws excessively,1,autocomplete,why is my dog,8
why is my dog licking his paws raw,1,autocomplete,why is my dog,8
why is my dog pooping blood and diarrhea,1,autocomplete,why is my dog,8
why is my dog pooping blood and mucus,1,autocomplete,why is my dog,8
why is my dog pooping blood and vomiting,1,autocomplete,why is my dog,8
why is my dog shaking and throwing up,1,autocomplete,why is my dog,8
why is my dog shaking for no reason,1,autocomplete,why is my dog,8
why is my dog shaking in his sleep,1,autocomplete,why is my dog,8
why my cat go crazy over my underwear,1,reddit:r/cats,,8
can i give my cats canned tuna or chicken,1,reddit:r/Pets,,9
cost to take dog to vet for ear infection,1,autocomplete,when to take pet to vet,9
how would you react if you saw this? 🥺🥺🥺,1,reddit:r/cats,,9
is there an off switch for a 7mo bc,1,reddit:r/dogs,,9
should i take dog to vet for ear infection,1,autocomplete,when to take pet to vet,9
what do vets give dogs for diarrhea and vomiting,1,autocomplete,when to take pet to vet,9
what should i put in here? pic in comments,1,reddit:r/Pets,,9
when to take dog to emergency vet for diarrhea,1,autocomplete,when to take pet to vet,9
when to take dog to emergency vet for limping,1,autocomplete,when to take pet to vet,9
when to take dog to emergency vet for vomiting,1,autocomplete,when to take pet to vet,9
when to take dog to vet for anal glands,1,autocomplete,when to take pet to vet,9
when to take dog to vet for bloody diarrhea,1,autocomplete,when to take pet to vet,9
when to take dog to vet for broken nail,1,autocomplete,when to take pet to vet,9
when to take dog to vet for diarrhea reddit,1,autocomplete,when to take pet to vet,9
when to take dog to vet for ear infection,1,autocomplete,when to take pet to vet,9
when to take dog to vet for kennel cough,1,autocomplete,when to take pet to vet,9
when to take dog to vet for limp reddit,1,autocomplete,when to take pet to vet,9
when to take dog to vet for limp tail,1,autocomplete,when to take pet to vet,9
when to take dog to vet for slight limp,1,autocomplete,when to take pet to vet,9
when to take dog to vet for throwing up,1,autocomplete,when to take pet to vet,9
when to take dog to vet for vomiting bile,1,autocomplete,when to take pet to vet,9
when to take dog to vet for vomiting reddit,1,autocomplete,when to take pet to vet,9
when to take my dog to vet for limping,1,autocomplete,when to take pet to vet,9
when to take puppy to vet for kennel cough,1,autocomplete,when to take pet to vet,9
why is my cat coughing all of a sudden,1,autocomplete,why is my cat,9
why is my cat drooling all of a sudden,1,autocomplete,why is my cat,9
why is my cat drooling when i pet her,1,autocomplete,why is my cat,9
why is my cat drooling when i pet him,1,autocomplete,why is my cat,9
why is my cat meowing so much after moving,1,autocomplete,why is my cat,9
why is my cat meowing so much at night,1,autocomplete,why is my cat,9
why is my cat meowing so much in heat,1,autocomplete,why is my cat,9
why is my cat sneezing all of a sudden,1,autocomplete,why is my cat,9
why is my dog eating grass after throwing up,1,autocomplete,why is my dog,9
why is my dog eating grass all the time,1,autocomplete,why is my dog,9
why is my dog eating grass and throwing up,1,autocomplete,why is my dog,9
why is my dog eating poop and throwing up,1,autocomplete,why is my dog,9
why is my dog eating poop in the snow,1,autocomplete,why is my dog,9
why is my dog eating poop in the winter,1,autocomplete,why is my dog,9
why is my dog eating poop in the yard,1,autocomplete,why is my dog,9
why is my dog licking his paws a lot,1,autocomplete,why is my dog,9
why is my dog licking his paws so much,1,autocomplete,why is my dog,9
why is my dog panting so much after birth,1,autocomplete,why is my dog,9
why is my dog panting so much after surgery,1,autocomplete,why is my dog,9
why is my dog panting so much and shaking,1,autocomplete,why is my dog,9
why is my dog panting so much at night,1,autocomplete,why is my dog,9
why is my dog panting so much while resting,1,autocomplete,why is my dog,9
why is my dog pooping blood and throwing up,1,autocomplete,why is my dog,9
why is my dog pooping blood but acting normal,1,autocomplete,why is my dog,9
why is my dog shaking when he breathes in,1,autocomplete,why is my dog,9
would it be responsible to move my elderly cat,1,reddit:r/AskVet,,9
are my cats claws too long or its something else ,1,reddit:r/AskVet,,10
can i get a dog if i work a 9-5,1,reddit:r/dogs,,10
how to tell if my dog is sick or depressed,1,autocomplete,is my pet sick,10
how to tell if my dog is sick or dying,1,autocomplete,is my pet sick,10
how to tell if my dog is sick or sad,1,autocomplete,is my pet sick,10
how to tell if my dog is sick or tired,1,autocomplete,is my pet sick,10
when should i take my dog to the vet vomiting,1,autocomplete,when to take pet to vet,10
when to take dog to emergency vet for ear infection,1,autocomplete,when to take pet to vet,10
when to take dog to emergency vet for kennel cough,1,autocomplete,when to take pet to vet,10
when to take dog to vet for coughing and gagging,1,autocomplete,when to take pet to vet,10
when to take dog to vet for diarrhea and vomiting,1,autocomplete,when to take pet to vet,10
when to take dog to vet for limping back leg,1,autocomplete,when to take pet to vet,10
when to take dog to vet for vomiting and diarrhea,1,autocomplete,when to take pet to vet,10
why is my cat meowing so much after being spayed,1,autocomplete,why is my cat,10
why is my cat meowing so much after giving birth,1,autocomplete,why is my cat,10
why is my cat meowing so much in the morning,1,autocomplete,why is my cat,10
why is my cat meowing so much out of nowhere,1,autocomplete,why is my cat,10
why is my cat sneezing and has a runny nose,1,autocomplete,why is my cat,10
why is my cat sneezing so much but seems fine,1,autocomplete,why is my cat,10
why is my cat sneezing so much in a row,1,autocomplete,why is my cat,10
why is my dog eating grass all of a sudden,1,autocomplete,why is my dog,10
why is my dog eating grass and then throwing up,1,autocomplete,why is my dog,10
why is my dog licking his paws all the time,1,autocomplete,why is my dog,10
why is my dog panting so much after a walk,1,autocomplete,why is my dog,10
why is my dog panting so much for no reason,1,autocomplete,why is my dog,10
why is my dog panting so much in the car,1,autocomplete,why is my dog,10
do i need to take dog to vet for ear infection,1,autocomplete,when to take pet to vet,11
do i need to take dog to vet for kennel cough,1,autocomplete,when to take pet to vet,11
do pets actually adjust their behavior based on their owners mood,1,reddit:r/Pets,,11
how can i tell if my dog is dying or sick,1,autocomplete,is my pet sick,11
is my dog playing or is he being too aggressive? (video),1,reddit:r/dogs,,11
what do you do when you get mad at your dogs,1,reddit:r/dogs,,11
what to do if your dog is having diarrhea and vomiting,1,autocomplete,when to take pet to vet,11
when to take dog to emergency vet for vomiting and diarrhea,1,autocomplete,when to take pet to vet,11
when to take dog to vet for vomiting and not eating,1,autocomplete,when to take pet to vet,11
why is my cat meowing so much all of a sudden,1,autocomplete,why is my cat,11
why is my cat sneezing so much and has watery eyes,1,autocomplete,why is my cat,11
why is my dog eating poop and how to stop it,1,autocomplete,why is my dog,11
why is my dog eating poop out of the litter box,1,autocomplete,why is my dog,11
why is my dog panting so much all of a sudden,1,autocomplete,why is my dog,11
can a puppy adapt to sleeping in two homes during the week,1,reddit:r/dogs,,12
how do i know if my dog is lethargic or just tired,1,autocomplete,is my pet sick,12
how do i know if my dog is sick or just tired,1,autocomplete,is my pet sick,12
how do you mop floors in a pet home without spreading germs,1,reddit:r/dogs,,12
how to get a large dog and baby in the same car,1,reddit:r/dogs,,12
why is my cat sneezing so much all of a sudden reddit,1,autocomplete,why is my cat,12
why is my cat sneezing so much and has a runny nose,1,autocomplete,why is my cat,12
why is my dog pooping blood and throwing up and not eating,1,autocomplete,why is my dog,12
how henry the dachshund puppy survived three months lost in perths southern suburbs,1,reddit:r/Pets,,13
should i risk arrest to save dogs from suffering &amp; save my reputation,1,reddit:r/Pets,,13
what gps tag should i buy my indoor cat? always trying to escape,1,reddit:r/Pets,,13
when should i take my dog to the vet for diarrhea and vomiting,1,autocomplete,when to take pet to vet,13
when should you take your dog to the vet if they have diarrhea,1,autocomplete,when to take pet to vet,13
why is my cat meowing so much all of a sudden at night,1,autocomplete,why is my cat,13
how dangerous is missing one dose of amlodipine? my cat has severe idiopathic hypertension,1,reddit:r/AskVet,,14
how do you deal with balancing two jobs and having a pet at home,1,reddit:r/Pets,,14
when do you decide if an adopted dog isnt a good fit for you,1,reddit:r/dogs,,14
how to know when to take your dog to the vet for an ear infection,1,autocomplete,when to take pet to vet,15
what are the best pet friendly rugs that i can easily toss in the machine,1,reddit:r/Pets,,15